{"cameraMode":{"drawMode":0,"name":"Shaded","section":"Shading Mode"},"sceneLighting":false,"audioPlay":false,"sceneViewState":{"showFog":false,"showMaterialUpdate":false,"showSkybox":false,"showFlares":false,"showImageEffects":false,"showParticleSystems":false},"in2DMode":false,"pivot":{"x":-0.0032495856285095217,"y":0.03483390808105469,"z":-0.12332108616828919},"rotation":{"x":0.43232589960098269,"y":-0.5426886677742004,"z":0.3858882486820221,"w":0.6080322265625},"size":4.597407817840576,"orthographic":false}