{"cameraMode":{"drawMode":0,"name":"Shaded","section":"Shading Mode"},"sceneLighting":true,"audioPlay":false,"sceneViewState":{"showFog":false,"showMaterialUpdate":false,"showSkybox":true,"showFlares":false,"showImageEffects":false,"showParticleSystems":false},"in2DMode":false,"pivot":{"x":-8.698434829711914,"y":-71.8390121459961,"z":0.5403823852539063},"rotation":{"x":0.5905749201774597,"y":-0.29894593358039858,"z":0.24983850121498109,"w":0.7067440748214722},"size":42.292816162109378,"orthographic":false}