{"cameraMode":{"drawMode":0,"name":"Shaded","section":"Shading Mode"},"sceneLighting":true,"audioPlay":false,"sceneViewState":{"showFog":false,"showMaterialUpdate":false,"showSkybox":true,"showFlares":false,"showImageEffects":false,"showParticleSystems":false},"in2DMode":false,"pivot":{"x":6.6542277336120609,"y":-72.79057312011719,"z":8.739866256713868},"rotation":{"x":0.5905749201774597,"y":-0.29894593358039858,"z":0.24983850121498109,"w":0.7067440748214722},"size":53.02064895629883,"orthographic":false}