{"cameraMode":{"drawMode":0,"name":"Shaded","section":"Shading Mode"},"sceneLighting":false,"audioPlay":false,"sceneViewState":{"showFog":false,"showMaterialUpdate":false,"showSkybox":false,"showFlares":false,"showImageEffects":false,"showParticleSystems":false},"in2DMode":false,"pivot":{"x":-138.74359130859376,"y":65.51728820800781,"z":-520.090576171875},"rotation":{"x":0.4906346797943115,"y":0.027712879702448846,"z":-0.01561814360320568,"w":0.8707947134971619},"size":30.413692474365236,"orthographic":false}