{"cameraMode":{"drawMode":0,"name":"Shaded","section":"Shading Mode"},"sceneLighting":true,"audioPlay":false,"sceneViewState":{"showFog":false,"showMaterialUpdate":false,"showSkybox":true,"showFlares":false,"showImageEffects":false,"showParticleSystems":false},"in2DMode":false,"pivot":{"x":-15.420315742492676,"y":-46.49480438232422,"z":-3.0273780822753908},"rotation":{"x":0.43232589960098269,"y":-0.5426886677742004,"z":0.3858882486820221,"w":0.6080322265625},"size":32.264644622802737,"orthographic":false}